uid,mtime,uname,vipType,level,sex,sign
628812407,1645765834,bili_56632611595,2,2,保密,青春是一场慌言，一场罪恶
49841707,1645762809,SuperJarvis,2,5,保密,
30970555,1645762788,これはゾンビですか,1,5,保密,请问有什么事吗
255603473,1645761177,日脚下平地,1,5,男,终焉
303121316,1645760683,曲奇一样是饼干,1,5,保密,
164740866,1645760506,妈妈说名字不可以改太长,1,5,男,
45515675,1645760140,疾风骁龙,0,5,保密,
1877203595,1645758796,法尼瓦伦泰硅基狂潮,0,3,保密,
172380457,1645757738,松下未散,2,5,保密,盖亚！！！
1437593777,1645757005,DXXXDSZ,0,3,保密,
12596575,1645755524,小鸟头大全是问号,2,5,保密,(●′ω`●)其实我是不想自我介绍的 
496857345,1645755386,雒昊2,1,5,保密,
14170463,1645754488,风音景子,1,6,保密,全体目光向我看齐 我宣布个事 我是个鲨比
526449704,1645751803,苍蓝星石,0,4,保密,
1199463346,1645750535,ventenlol,1,4,男,
1961309010,1645750238,神欢体自轻意欲凌风翔,1,4,男,
345056651,1645749725,花寺和佳,0,4,保密,
38903993,1645746402,KaitouKC,1,5,保密,            
24250391,1645746271,八九寺Mayoi真宵,2,6,保密,
494344822,1645746103,牧野之流星,1,4,男,所谓的觉悟，就是在漆黑的荒野中，开辟出一条应当前进的道路！
27320452,1645745265,助手红莉栖啦,1,6,男,三三三
501508910,1645744233,阿噶嗖滴薄荷,1,4,保密,
1695966591,1645739481,bili_31673224309,1,2,保密,
2590990,1645730470,仰望新月的白兔,1,6,保密,想要闪刀礼盒（这人溢出来的漫漫都是欲望）
188750953,1645728731,star兔儿,1,5,男,大号:露蒂的SM玩具 已弃用
489709273,1645725694,花明かりは,0,3,保密,
646136067,1645725258,老头oo,0,3,保密,
27541977,1645723766,蒋鸡石,1,6,保密,懵
345697136,1645712058,W蟾蜍,1,5,保密,
628675177,1645705799,绿色的青风,1,4,保密,
1880376956,1645700035,bili_1880376956,1,4,保密,
525906035,1645686483,伞下鸟,2,3,保密,
12657377,1645675184,超酷的小四爷,2,5,保密,
360951884,1645675086,weko_傲翔,0,5,男,一个专注于玩Minecraft的up主。
593592740,1645668226,bili_83259931168,1,0,保密,
65573723,1645637988,淺小夏,2,5,男,一
44401380,1645615832,bili8364845147,0,3,保密,
1624467107,1645598294,没有目标的咸鱼-,1,3,保密,
95116812,1645587659,sxzym,0,2,保密,
528071990,1645575503,他们那边,0,3,保密,
603652959,1645566411,我就是一辣鸡,0,2,保密,
630938898,1645561604,平凡的无名氏,1,4,男,本人喜欢漫画、番剧，还有扯淡
2006222269,1645549219,潜意识IPO,1,2,保密,
412636062,1645548888,橙比柠檬酸,1,5,保密,向上向下
403279100,1645547825,天元开方,2,4,保密,
294003429,1645545391,暴走の次元梦,1,5,保密,累了
639450318,1645538111,一个鸡蛋的二倍,0,3,保密,
538643047,1645535945,凤凰园胸针吊坠,0,4,保密,
2097142682,1645534546,古雾见祺,1,2,保密,
395281298,1645532753,遗世独立の理想乡QAQ,2,5,保密,
395281298,1645532753,遗世独立の理想乡QAQ,2,5,保密,
44897823,1645530613,慵懒小豪豪,2,4,保密,
477979993,1645502514,kidawn_幻,1,5,保密,
226254056,1645500204,恶魔皮特猫,2,5,保密,
1106697000,1645469376,啦啦啦泪啦,0,2,保密,
444376,1645460368,p祖落叶,2,6,保密,
549588360,1645456940,大宝我的大宝,0,4,保密,
358254657,1645455812,15624564,1,4,保密,
32825184,1645447340,雪野百香果,1,5,保密,我害怕你心碎没人帮你擦眼泪。
546749654,1645446997,bili_89192182792,1,5,保密,
647227618,1645440877,闲小哥,0,4,保密,
199597966,1645430477,xsum2509,1,2,保密,
1073009776,1645428969,khajbg,0,3,男,waporg
73301564,1645424135,bili_73301564,0,0,保密,
50702444,1645423701,我的二次,2,5,保密,这个人很懒！
502271843,1645419724,图小柏,1,3,保密,
275340609,1645417392,含磷的无机盐,1,4,保密,
274999131,1645406318,平凡的学校,1,5,保密,
1262525333,1645400471,傲呼呼,0,3,男,时来运转。。。。
29083712,1645390779,天狂皇,2,5,保密,
23028129,1645382945,CNkantana,2,5,保密,既然你都来查成分，说明你已经气急败坏了吧
88716546,1645381371,羽月恒逸,1,5,保密,通りすがりの仮面ライダー，覚えてくれました  
407449283,1645380957,BK-997,1,5,保密,…
397996214,1645379952,劳动局来了,1,4,保密,
82696855,1645374066,srxzv,2,5,保密,
110842135,1645373600,魏锦弘,1,3,保密,
302384060,1645370955,初心与月,1,5,保密,
1598321794,1645362094,bili_25066218162,1,3,保密,
94331982,1645357454,孤独症患者NO1,1,4,保密,
1865326060,1645357002,bili_59586076725,0,0,保密,
349019719,1645353749,Faith乄acgn,1,5,保密,
355776870,1645348792,yy911123,0,4,保密,
524418202,1645344674,君無簫,1,4,男,位卑未敢忘忧国
351394395,1645338857,无梦晓年,1,5,保密,
1182496233,1645336948,18号前,1,3,保密,
82334601,1645336249,大酱不会迷路,1,6,保密,
385694257,1645328395,chenchenps,1,4,保密,闪闪发光
99517745,1645327159,zlauren,2,5,保密,
40070455,1645323229,罐装雀雀茶,1,5,保密,咕咕。
584952140,1645318180,给对方一点,0,2,保密,
1078085815,1645294912,人生亦世界,2,3,保密,
34278613,1645289947,Z__Violet,1,5,保密,宁可累死自己，也要卷死同学。
27464500,1645289634,要来一杯乌龙茶吗,1,6,保密,
2523126,1645287797,瓶中的夜晚,2,5,保密,
293873723,1645286927,7号剪钳,1,5,保密,
581528759,1645286266,本用户未设置昵称,0,4,男,たとえ私が弱くなりました、あなたも决して代表强かった
12133293,1645285048,cf邪教徒,2,5,男,其实，，，，我喜欢御（you）姐（nv）✪ω✪
424444779,1645282994,努力de淦饭人,1,4,保密,
1433984181,1645277777,bili_51644532348,0,2,保密,
357420613,1645277736,距离D,1,5,保密,
44376938,1645271592,zzzzzxzzzzzzzz,0,5,保密,
355612720,1645269703,uhvqwe,2,3,保密,
479981389,1645266687,墨舆离殇,0,4,保密,一个平凡的新人UP
1634442927,1645265855,bili_42653489191,0,0,保密,
2008965872,1645261379,不想当人的正常人,0,2,男,
1803022567,1645260442,未能かいへん,0,3,保密,
289383018,1645256757,迪亚士航海王,1,4,保密,
398513265,1645256025,Eendilblink,2,4,保密,lalisa最美！！！
1462767336,1645255809,bili_52354553795,0,0,保密,
64582,1645243843,qwqw,2,6,保密,
397859482,1645241541,shin酱呦,1,3,保密,
551452451,1645235986,bili_68503978191,1,4,保密,
1735188308,1645233675,猫忍r,1,4,保密,大家好我是猫忍，还请支持我的视频。粉丝群:1109527639
325707844,1645233464,咸鱼旅法师,1,4,保密,一直在迷失，从未追寻找到自我
1839747339,1645228141,小丑丑竟是我自己,1,2,保密,
602249595,1645218811,模拟讯号,1,4,保密,SWEET / I THOUGHT YOU WANTED TO DANCE
14135383,1645208959,146006614,1,6,保密,
207681370,1645208645,edison051058,0,5,保密,
21896219,1645208627,结衣dayo保护协会会长,1,5,保密,死宅kimo~~~口区口区——
1771002641,1645207731,bi123sanyue,0,2,保密,
29398634,1645201791,乐器演奏师,1,5,保密,
65069638,1645201764,Fehyao,2,6,男,
11577392,1645196640,Mick-Schumacher,2,5,保密,。
436476812,1645196058,66906143226_bili,1,4,保密,
36296015,1645194293,冷冷冷冷澈,1,6,保密,行己事，广听言，不问前路
518014065,1645190586,无极幻影DJ,0,0,男,B站是为一
508243151,1645189891,YTZ2021,0,3,男,寄宿の阿宅
678388142,1645180563,narrateexe,0,4,保密,
191916402,1645178770,刀割太深丶,0,5,男,风中赏雪&雾里赏花
689400588,1645176110,秘密452,1,4,保密,
1800251836,1645175239,MVPの刀兄,1,3,男,？
100333803,1645171512,战极皇,1,5,保密,
276389926,1645171368,尘焉chenyan,1,5,保密,
667944815,1645160888,陵沫子,1,3,保密,
273284991,1645160550,E-埃尔温元帅,0,5,保密,全世界无产者 联合起来！
355547814,1645159017,只是一个路过的中二病,0,4,保密,
291948613,1645156470,蛋蛋但丁,0,4,保密,
523551392,1645151411,我笑他人看不穿777,0,2,保密,
34951299,1645149480,蝴蝶之爱,2,6,保密,作为世界第一的憨憨！应该已经没有人比我更憨更NT的吧！不会吧Σ(っ °Д °;)っ不会吧Σ(っ °Д °;)っ
10708998,1645143652,傲娇贫胸妮姆芙,0,5,保密,
87817472,1645143010,久南溪,2,4,保密,
44423790,1645139001,我单推korone,1,5,保密,
58927624,1645131996,墨否永远滴神,1,5,保密,
1663768063,1645128497,摸鱼型Mana,1,2,保密,
2594628,1645128369,巖窟王,2,5,男,
252600310,1645118297,八重村的阿米驴,1,5,保密,在？给点赞？
227013941,1645116549,DB-BD-DB,0,4,保密,(´;︵;`)
374423475,1645113877,梓鸢-,1,4,男,
34146419,1645112680,风骚的小浪浪,1,5,保密,随心所欲
36619736,1645109104,誶纸折鸢,2,6,保密,陈公，令慈之棺椁何日可成？
37727116,1645106967,LBeast666,2,6,保密,努力成长是在孤独里可以进行的最好的游戏
360669804,1645096224,-_-_---__,1,5,保密,
1266696394,1645088246,空叶灵,0,2,保密,
440832043,1645083471,百岁山矿,1,0,保密,
422654334,1645083369,历史爱好人,2,4,保密,
143363528,1645080201,御崎nya,1,5,保密,藍月なくる单推人 ヲタ芸初心者
16811091,1645075942,日常性头痛,2,6,保密,
58680845,1645074642,孤锡蝶,1,5,保密,
272814314,1645073634,英短美短都是短,1,5,保密,如果没有破坏之后的创造，那也只能迎来末日了。
524148323,1645072977,叹息断梁山,2,3,保密,
398703473,1645068682,我永远单推张京华,1,5,保密,
351572567,1645063631,勺云,1,5,保密,
434180011,1645060293,59938327296_bili,0,0,保密,
1743882326,1645051417,bili_24156387259,1,0,保密,
399799653,1645038302,旅行的屑魔女,1,4,保密,
265640955,1645037635,佛付过款西沟,1,4,保密,
341243032,1645037373,想摸鱼的青白酱,1,5,保密,轻中度幻想症患者
672364674,1645034879,匕七七,1,3,男,这个人很懒，什么都没有留下
454393931,1645028550,阴阳捞人,1,4,保密,
629860638,1645027413,yumo_ann,1,4,保密,swift
1166743892,1645025860,金牌厨师长朝阳,0,3,男,游戏玩家 
2090392745,1645025665,bili_76904665225,0,2,保密,
292915019,1645024297,visSage,1,2,保密,
1950576527,1645023730,bili_17062923558,0,1,保密,
109670735,1645023478,万能的尤里A梦,2,5,男,
1930143433,1645022449,SX070110,1,3,保密,
220965479,1645021386,xudige,2,5,保密,萌即正义
610935399,1645019536,七巛月,0,2,保密,
87575600,1645017507,卡卡罗特゙゚,1,6,保密,不能忘记日本倾倒核废水这个事情，也不能忘记耐克以及H&M等品牌污蔑新疆棉花的罪行
92388273,1645017069,皇家援桌骑士,1,5,保密,我不会写签名，啦啦啦
481429567,1645011961,一枚啥釣,0,2,保密,活着
508200928,1645011240,夜魅mlp,2,4,保密,
452812382,1645011150,cccqqqyyyv,1,3,保密,
295112601,1645010238,佐野MEA,1,5,女,这个人不神秘，只是她不知道该写什么
507125708,1645009619,bili_49966724978,0,3,保密,
588813829,1645001601,bili_588813829,0,5,保密,
1425652183,1644995580,琦洛白,1,3,女,从零开始的绘画生活
1673869175,1644994867,战争和死亡,0,4,男,
246844930,1644994635,SEED-黎明,0,5,保密,
1246763005,1644987513,天-幺,0,2,保密,
232899908,1644978050,一零三号的叉叉,0,4,保密,高三下了，随缘更新
440862464,1644977170,whether_L,1,4,保密,我由衷祝愿每个人都能找到自己的爱 .
1200183807,1644974452,有马十兵卫,0,4,保密,深淵から来た最古の至高の王者(中二病)
455268292,1644974418,墨莲冲,1,4,男,一起幻想吧！             狂想世界船！
543080655,1644954906,饿鬼哦哦,0,3,保密,
1529437238,1644954823,bili_10918868210,2,0,保密,
440510047,1644954540,ducxw,1,5,保密,大半夜晚上不睡觉就喜欢逛b站
2094520477,1644953799,虾虾皮sama,0,2,保密,
362383092,1644952720,天下奇医,1,5,男,加油
5403521,1644952428,bili-1145141919,2,5,保密,
5403521,1644952428,bili-1145141919,2,5,保密,
1193585553,1644951682,口罩_mAsk,1,3,保密,我才不神秘
31355973,1644948667,dndnndndhd,2,5,保密,钢结构
323011124,1644945855,森帆lover,0,4,保密,
100773096,1644945806,Tradermid,1,6,保密,
574663043,1644945495,bili_93197421989,1,0,保密,
443188782,1644944263,暗影射手X,1,4,保密,
2127740427,1644943863,はなこすずみや,2,2,保密,
1711158358,1644939527,和哈族,1,3,保密,
431161908,1644939498,失去船的船长,1,4,保密,
37981335,1644937170,恶臭立白人,1,6,男,无忌啊 你拥有这么高的武功 想必一定是经历了不少风风雨雨吧
634216640,1644933298,怃氄鬨鄴,0,3,保密,
433469598,1644933263,甘霖魉,1,4,保密,
1031764231,1644932953,SSYS404,0,3,保密,
381739144,1644932686,上位廖凌,0,4,男,
1129448702,1644931592,憨批萧永,0,4,保密,这人很懒，什么都没写    真的，什么都没写
1004785308,1644931581,默尔曼尼,0,2,保密,
1474281125,1644931337,bili_65001481108,0,0,保密,
110716816,1644931103,2788125579jj,1,4,保密,
1433118831,1644930919,逆天邪神归来吧唧一口,0,2,保密,
327522241,1644929011,小茶壶不会喝茶呀,2,5,男,我好懒不想写简介
22131168,1644928580,壹颗風鈴,2,5,男,随缘更新
1239362490,1644928152,何JO人,0,4,保密,
24650027,1644923528,凑虾饺,2,6,女,毕业不是终点
89348826,1644923526,dudbdi,1,3,保密,
355603006,1644922809,慕楠七,1,5,保密,
456142229,1644922324,o犹豫,1,4,保密,
1912985688,1644921509,翟耀阳,1,2,男,
2112648931,1644920177,anglingThe,0,3,保密,
1250084267,1644918896,空格mot,1,3,保密,
332831881,1644915469,141强拆队,1,5,保密,
175919793,1644914326,几经破碎的心,2,4,男,宅男无法拯救世界，他们往往不能拯救自己。
360362423,1644913964,FUSHIKAKU,2,4,保密,
417362064,1644912646,如影如虽啊,1,4,保密,
8737264,1644911428,追风丶坑神,1,5,保密,https://www.kakadm.com/
491991940,1644910503,denonn,1,4,保密,
176991176,1644910391,workout丶臻,2,6,男,
471632972,1644910233,chenDisa啦,1,4,男,一个周更UP主。。。。 LOL手游外服ID：不知道取啥名#1674
1834437821,1644907053,薛定谔的不定世界,0,2,保密,
327612551,1644905727,30QWE,0,4,保密,
287677487,1644902460,剑闵行,1,5,保密,啦啦啦
38511000,1644901656,魔鬼Satan,2,5,男,一朝上船，满路骚 
520695057,1644900359,我超爱吃面,1,3,保密,兴趣是吃面
700685502,1644898861,笨鹅耳君,0,3,保密,
363177899,1644898093,死亡进军,0,4,保密,
520027302,1644897698,真EXECUTIONER,1,5,保密,永远的新人
695926241,1644897472,元素小黑,0,3,保密,
323976109,1644893360,林被小北鼻,2,5,男,“因为你没有新故事，所以才会对旧故事念念不忘。″​
2089782988,1644891965,叫我老杉,0,3,保密,
332888697,1644891461,伯伦希尔66,1,5,保密,
